[{"result": "https://captain.ph/wp-content/uploads/elementor/thumbs/02BW053T1-full-orhl5ufhf1xjxg7jvzfgbp958hpu76oye7paovzb5q.png"},
{"result": "https://i.ibb.co/9vqRLxg/3e12eb3f4b36e34a82d12de594105509.jpg"},
{"result": "https://i.ibb.co/8PNzkDg/d752ce600f6bbf1766aaad0edd184c95.jpg"},
{"result": "https://i.ibb.co/bsXfR0G/b38c234a1d05b14259fc48434830df72.jpg"},
{"result": "https://i.ibb.co/qF4KQBP/18f6ec4f59b6bd373a08df977b0001cf.jpg"},
{"result": "https://i.ibb.co/S61nW0y/fe50010ee76fe9b1e196bcc0144e7e8c.jpg"},
{"result": "https://i.ibb.co/zSLf7k6/a615370161a49003d96a9501c989f50d.jpg"},
{"result": "https://i.ibb.co/PwyzGm0/40354fdd2078127a8a070ac53f41b375.jpg"},
{"result": "https://i.ibb.co/yYgxnT8/dbf7c42c247ca6a46a6fc9f457ebd426.jpg"},
{"result": "https://i.ibb.co/M9nmhjd/b2587af0dd56fc4ec4043fe4bd0bb08b.jpg"},
{"result": "https://i.ibb.co/12kjHBw/4fb43d5685a55304266ffb380b13511b.jpg"},
{"result": "https://i.ibb.co/BnSQCHM/fbad11adbad4b01ce06730c8736bd6cd.jpg"},
{"result": "https://i.ibb.co/0QtYNjL/2fc5a6299b7af23a09aa8e87e878ff2b.jpg"},
{"result": "https://i.ibb.co/BLrgSyz/a25fe0233461b92b7e3be3b801d1963c.jpg"},
{"result": "https://i.ibb.co/cyXShW7/affbb1aa3fbe454f02246f1caf34cc71.jpg"},
{"result": "https://i.ibb.co/dGKXSz5/8f6ef6cb64eca372c8e9e50b7f83be1e.jpg"},
{"result": "https://i.ibb.co/9pKDV3C/072ab52b8430e4b8e71d2e13047ec81c.jpg"},
{"result": "https://i.ibb.co/fFqWPSN/9c2446a43e0406bfaa88b858b5af2b71.jpg"},
{"result": "https://i.ibb.co/bm1N9S6/0b85fd508fe76a7e06d0c285657e5700.jpg"},
{"result": "https://i.ibb.co/3yzhzdy/138655764fe4c350751c3d6a19b32d6e.jpg"},
{"result": "https://i.ibb.co/MNt4Twv/54d533aa1d0575ceb06c333dc2f6792c.jpg"},
{"result": "https://i.ibb.co/wcyCGRt/368e980738474028e1c51885c996bc42.jpg"},
{"result": "https://i.ibb.co/Scxq9KP/9141293b902071dece21a2fa08c92793.jpg"},
{"result": "https://i.ibb.co/MstjyJf/bc4c1b3796c70215b2e4fc498442c878.jpg"},
{"result": "https://i.ibb.co/hyX6P8C/1b8a923dbaa16cc909f60fd02d3bc0c1.jpg"},
{"result": "https://i.ibb.co/pLGLXgy/c351093ace6c8012f7bb270d19eab06e.jpg"},
{"result": "https://i.ibb.co/bWyQmP9/6a0538e61abc583ebfd77c9f0afcf144.jpg"},
{"result": "https://i.ibb.co/8xMtczB/b0f1219d622546aac56c6c532f117cb5.jpg"},
{"result": "https://i.ibb.co/YthC5Vm/fc50206cc9fa552b057852d5a5b626af.jpg"},
{"result": "https://i.ibb.co/dWJFDHw/1a5e7e4cb65c318866f83dfa9dc95f94.jpg"},
{"result": "https://i.ibb.co/mSnKN0t/e325358236b5a117512f639f52ee7cdf.jpg"}
]