[{"id":"6283815956151@s.whatsapp.net","ikan":8,"ayam":9,"kelinci":2,"domba":6,"sapi":4,"gajah":7},{"id":"6282243603393@s.whatsapp.net","ikan":9,"ayam":3,"kelinci":8,"domba":4,"sapi":2,"gajah":5},{"id":"6285882067904@s.whatsapp.net","ikan":38,"ayam":22,"kelinci":26,"domba":9,"sapi":18,"gajah":5},{"id":"6285882067904@s.whatsapp.net","ikan":10,"ayam":1,"kelinci":6,"domba":0,"sapi":3,"gajah":2},{"id":"6285882067904@s.whatsapp.net","ikan":0,"ayam":0,"kelinci":0,"domba":0,"sapi":0,"gajah":0},{"id":"6285882067904@s.whatsapp.net","ikan":0,"ayam":0,"kelinci":0,"domba":0,"sapi":0,"gajah":0},{"id":"6283842656357@s.whatsapp.net","ikan":0,"ayam":0,"kelinci":0,"domba":0,"sapi":0,"gajah":0},{"id":"6285773557984@s.whatsapp.net","ikan":0,"ayam":0,"kelinci":0,"domba":0,"sapi":0,"gajah":0},{"id":"6281545463585@s.whatsapp.net","ikan":17,"ayam":12,"kelinci":3,"domba":4,"sapi":4,"gajah":2}]