[{"id":"6283815956151@s.whatsapp.net","besi":100,"gold":100,"emerald":100,"umpan":100,"potion":1},{"id":"6282243603393@s.whatsapp.net","besi":100,"gold":100,"emerald":100,"umpan":100,"potion":1},{"id":"6285882067904@s.whatsapp.net","besi":15,"gold":10,"emerald":5,"umpan":5,"potion":1},{"id":"6285882067904@s.whatsapp.net","besi":25,"gold":10,"emerald":8,"umpan":7,"potion":1},{"id":"6285882067904@s.whatsapp.net","besi":15,"gold":10,"emerald":5,"umpan":5,"potion":1},{"id":"6285882067904@s.whatsapp.net","besi":15,"gold":10,"emerald":5,"umpan":5,"potion":1},{"id":"6283842656357@s.whatsapp.net","besi":15,"gold":10,"emerald":5,"umpan":5,"potion":1},{"id":"6285773557984@s.whatsapp.net","besi":15,"gold":10,"emerald":5,"umpan":5,"potion":1},{"id":"6281545463585@s.whatsapp.net","besi":28,"gold":10,"emerald":9,"umpan":5,"potion":1},{"id":"6289518363262@s.whatsapp.net","besi":15,"gold":10,"emerald":5,"umpan":5,"potion":1}]