{"noiseKey":{"private":{"type":"Buffer","data":"yASnpKj3FSXPWTRKg/8o7RfldFMRfS2p3QhA2z1qNko="},"public":{"type":"Buffer","data":"jN23j1o3NZrE9Z43Pzi30BfRuHWYONDU60hdP93Sg1k="}},"pairingEphemeralKeyPair":{"private":{"type":"Buffer","data":"QNVluW6vFdlplnr0WaG5xhFdvNWx51Hh+4yhby5dq2Q="},"public":{"type":"Buffer","data":"/cId70q+p21VNVNjJSJZ3hUmx0S0h/jRtZwkcBu6KmE="}},"signedIdentityKey":{"private":{"type":"Buffer","data":"UNj1xX3F2qaZU4cvQJFRllA+vEy4J6/FLTz0oDSLDUw="},"public":{"type":"Buffer","data":"pbskvsezIEa6kcUFJgeA5avPFhAZIMf9mhTSz0jHQnA="}},"signedPreKey":{"keyPair":{"private":{"type":"Buffer","data":"yG+V1WaN2/Wt1y5vhDCH6oKJyuaAEOGwKeA08B7erE8="},"public":{"type":"Buffer","data":"QVEHnBM05WzN/ynrvjFmzswyST8BV8Y2+nvlaOlYwxI="}},"signature":{"type":"Buffer","data":"DTaBa7QyQ1gBjzzv7cLUNHoyiBdoB11g8BIGeF05XVfhT5QldvHqhe+9+ZfHkVENO2/9Q9qIJrG9Ig2ApsCQhg=="},"keyId":1},"registrationId":52,"advSecretKey":"iRbKLiCMfaDdyOdBeFOdMEV5rADWBWg8bMEjZ5aPkTI=","processedHistoryMessages":[{"key":{"remoteJid":"62882008756433@s.whatsapp.net","fromMe":true,"id":"19ACD97907C0865CFFF4D9A776712EEB"},"messageTimestamp":1720698774},{"key":{"remoteJid":"62882008756433@s.whatsapp.net","fromMe":true,"id":"EDD24FE69C724D09F0426E30ADF2A0AE"},"messageTimestamp":1720698774},{"key":{"remoteJid":"62882008756433@s.whatsapp.net","fromMe":true,"id":"D147D396BC339BF9EE3B932FC6FF3251"},"messageTimestamp":1720698776},{"key":{"remoteJid":"62882008756433@s.whatsapp.net","fromMe":true,"id":"855F87ED86A38ACF4864050659A0CAE9"},"messageTimestamp":1720698776}],"nextPreKeyId":287,"firstUnuploadedPreKeyId":287,"accountSyncCounter":1,"accountSettings":{"unarchiveChats":false},"deviceId":"bZGBMMZ_SKK-3yHYXu2ObQ","phoneId":"4360fee3-9daf-4f38-9d11-ad887b2aef25","identityId":{"type":"Buffer","data":"ZVzcjYxSp/qvOodufvM8nyjQiCI="},"registered":true,"backupToken":{"type":"Buffer","data":"uDNs6R0wyvGkybHBXHXBuE6+M9Y="},"registration":{},"pairingCode":"1EWVRVDP","me":{"id":"62882008756433:11@s.whatsapp.net","name":"Oline Manuel","lid":"221818300407889:11@lid","jid":"62882008756433@s.whatsapp.net"},"account":{"details":"CO6J394FEJGPv7QGGAEgACgA","accountSignatureKey":"dgj20vsqN2PRRtv3LM4HFpBC/39eaGzXIbeR1XrhRWA=","accountSignature":"jeO8ErvbAeNRHX0yOjsgKbuJJ9zuwE/C9llipJ/HTTUWtZJSvJCCBAKnlsZYQrdtvBrDkrHMxLqqZqa902GsCw==","deviceSignature":"e+WbEQeb+K6TmaNgiYeJ3jHUBoE037E66S0QS+V17uY1SwUOxN2a+1S3cdGt5kieMVYejyLqed/GLU0MVvLXiA=="},"signalIdentities":[{"identifier":{"name":"62882008756433:11@s.whatsapp.net","deviceId":0},"identifierKey":{"type":"Buffer","data":"BXYI9tL7Kjdj0Ubb9yzOBxaQQv9/Xmhs1yG3kdV64UVg"}}],"platform":"smba","routingInfo":{"type":"Buffer","data":"CAUIDQ=="},"lastAccountSyncTimestamp":1723364611,"myAppStateKeyId":"AAAAALyw"}
